bevolkingsdichtheid_inwoners_per_km2,aantal_inwoners,mannen,vrouwen,percentage_personen_0_tot_15_jaar,percentage_personen_15_tot_25_jaar,percentage_personen_25_tot_45_jaar,percentage_personen_45_tot_65_jaar,percentage_personen_65_jaar_en_ouder,percentage_ongehuwd,percentage_gehuwd,percentage_gescheid,percentage_verweduwd,geboortes_per_1000_inwoners,aantal_huishoudens,gemiddelde_huishoudsgrootte,woningvoorraad,gemiddelde_woningwaarde,personenautos_per_huishouden,motortweewielers_totaal,bouwjaarklasse_tot_2000,stadsdeel,buurtcode,buurtnaam
18567,1115,650,465,4,13,50,25,9,77,14,8,1,5,770,1.4,773,429,0.2,25,749,Centrum,BU03630000,Kop Zeedijk
7756,695,390,305,3,21,49,18,10,81,10,7,1,9,510,1.4,532,448,0.2,15,462,Centrum,BU03630001,Oude Kerk e.o.
27483,1650,860,790,5,17,47,20,11,77,15,7,1,8,1145,1.4,1008,458,0.2,55,967,Centrum,BU03630002,Burgwallen Oost
7360,370,205,165,6,17,51,20,7,77,15,6,2,5,245,1.5,263,0,0.3,15,257,Centrum,BU03630003,Nes e.o.
8638,695,385,310,5,20,42,22,11,77,16,6,2,9,510,1.4,398,528,0.2,15,398,Centrum,BU03630004,BG-terrein e.o.
0,5,5,5,0,0,0,0,0,0,0,0,0,0,5,1.8,0,0,0.0,0,0,Centrum,BU03630100,Stationsplein e.o.
9317,560,325,235,4,13,54,22,6,82,11,7,1,5,405,1.4,403,444,0.3,15,398,Centrum,BU03630101,Hemelrijk
7517,450,260,195,3,17,55,20,4,82,13,4,1,16,340,1.3,339,469,0.2,5,328,Centrum,BU03630102,Nieuwendijk Noord
16140,805,440,365,3,15,54,20,8,76,18,5,1,7,555,1.4,556,493,0.3,20,556,Centrum,BU03630103,Spuistraat Noord
9600,765,450,320,6,17,52,19,6,80,16,4,1,7,520,1.5,534,465,0.2,30,517,Centrum,BU03630104,Nieuwe Kerk e.o.
12033,725,405,320,5,14,50,21,10,79,15,6,1,4,525,1.4,575,487,0.3,20,534,Centrum,BU03630105,Spuistraat Zuid
5914,415,175,245,1,14,50,19,16,74,13,12,1,10,330,1.2,346,469,0.3,10,346,Centrum,BU03630106,Begijnhofbuurt
5920,295,170,125,3,22,51,17,6,80,15,5,0,10,205,1.4,219,605,0.2,5,214,Centrum,BU03630107,Kalverdriehoek
18690,1870,995,875,10,11,31,28,21,60,30,7,3,10,1145,1.6,1200,814,0.5,50,1188,Centrum,BU03630200,Langestraat e.o.
12857,1800,905,895,6,20,35,25,15,70,24,5,2,9,1200,1.5,1202,807,0.5,60,1202,Centrum,BU03630201,Leliegracht e.o.
12638,2025,1075,945,6,11,39,28,16,64,27,7,2,10,1320,1.5,1463,785,0.5,50,1448,Centrum,BU03630202,Felix Meritisbuurt
13500,675,360,315,6,12,37,27,18,64,26,6,3,4,435,1.6,452,932,0.6,10,447,Centrum,BU03630203,Leidsegracht Noord
10000,800,450,350,9,12,40,26,13,65,27,6,2,11,480,1.7,597,837,0.6,35,591,Centrum,BU03630300,Spiegelbuurt
2920,150,85,65,8,15,40,19,18,68,18,8,5,14,90,1.6,100,1122,1.0,0,93,Centrum,BU03630301,Gouden Bocht
10823,1405,720,685,7,14,33,27,18,61,28,8,3,4,870,1.6,865,939,0.5,55,839,Centrum,BU03630302,Van Loonbuurt
13927,1535,805,725,10,12,33,29,16,64,28,6,3,7,930,1.7,933,853,0.6,60,923,Centrum,BU03630303,Amstelveldbuurt
7617,455,265,190,5,11,58,18,9,76,15,7,1,11,320,1.4,303,564,0.3,15,303,Centrum,BU03630304,Rembrandtpleinbuurt
9950,400,225,175,5,23,57,12,3,82,16,2,0,3,275,1.4,264,512,0.2,10,248,Centrum,BU03630305,Reguliersbuurt
12840,645,365,275,7,12,38,25,17,67,23,5,5,11,395,1.6,440,832,0.5,15,440,Centrum,BU03630306,Leidsegracht Zuid
3850,460,265,195,13,6,42,28,10,64,25,10,2,13,260,1.8,268,678,0.0,10,10,Centrum,BU03630400,Oosterdokseiland
14420,725,355,365,7,16,38,23,15,68,24,6,2,10,440,1.6,330,689,0.4,30,323,Centrum,BU03630401,Scheepvaarthuisbuurt
10956,990,485,500,10,22,35,23,10,72,21,5,1,7,630,1.6,616,0,0.3,20,585,Centrum,BU03630402,Rapenburg
21520,1075,555,520,8,10,39,27,15,70,22,7,1,9,685,1.6,685,502,0.3,35,671,Centrum,BU03630403,Lastage
26600,1600,775,820,7,9,25,31,28,63,19,14,4,3,1030,1.5,1083,457,0.3,55,1083,Centrum,BU03630404,Nieuwmarkt
15425,1235,660,575,7,10,37,29,17,64,25,9,2,7,805,1.5,803,506,0.3,35,578,Centrum,BU03630405,Uilenburg
17014,1190,610,585,8,11,31,26,23,61,25,11,4,9,800,1.5,817,507,0.3,25,817,Centrum,BU03630406,Valkenburg
21400,1500,840,655,6,10,31,31,22,65,22,10,3,5,1035,1.4,1064,543,0.3,45,1064,Centrum,BU03630407,Zuiderkerkbuurt
7855,860,450,410,7,12,34,27,20,68,21,9,2,8,595,1.5,574,486,0.3,20,551,Centrum,BU03630408,Waterloopleinbuurt
11506,1840,940,900,13,7,29,29,21,56,32,9,3,11,995,1.9,979,697,0.0,45,0,Centrum,BU03630500,Westerdokseiland
16422,1475,750,725,6,11,37,28,17,69,19,9,3,8,970,1.5,1045,530,0.3,35,1034,Centrum,BU03630501,Haarlemmerbuurt Oost
22082,2430,1240,1185,9,10,34,30,18,64,23,9,4,8,1490,1.6,1540,496,0.4,60,1447,Centrum,BU03630502,Haarlemmerbuurt West
19347,2900,1410,1490,10,8,31,31,19,63,25,10,2,9,1810,1.6,1719,525,0.4,90,1478,Centrum,BU03630503,Westelijke eilanden
17650,355,185,175,8,8,49,26,9,81,11,6,2,8,255,1.4,242,344,0.2,10,242,Centrum,BU03630505,Planciusbuurt Noord
17000,170,90,80,6,6,40,31,17,72,15,11,2,6,125,1.3,130,347,0.2,5,130,Centrum,BU03630506,Planciusbuurt Zuid
27210,2725,1345,1375,7,9,40,28,15,70,20,8,2,8,1860,1.5,1883,444,0.3,80,1826,Centrum,BU03630600,Driehoekbuurt
26964,2965,1460,1505,9,11,37,26,16,67,22,9,2,10,1885,1.6,1958,548,0.3,70,1860,Centrum,BU03630602,Bloemgrachtbuurt
24750,1485,740,745,9,10,37,28,17,67,20,9,3,11,965,1.5,968,404,0.3,35,968,Centrum,BU03630603,Marnixbuurt Noord
23350,935,535,400,6,13,51,22,8,79,11,9,1,13,730,1.3,722,315,0.2,25,722,Centrum,BU03630604,Zaagpoortbuurt
10150,200,110,90,7,9,62,16,6,76,18,6,0,5,125,1.6,118,517,0.3,5,118,Centrum,BU03630605,Marnixbuurt Midden
22558,4290,2200,2090,8,10,37,27,18,67,21,9,2,8,2820,1.5,2939,494,0.3,135,2821,Centrum,BU03630606,Elandsgrachtbuurt
17440,870,455,415,6,10,37,28,20,70,19,8,3,9,615,1.4,647,605,0.3,25,627,Centrum,BU03630607,Passeerdersgrachtbuurt
6325,255,120,135,2,21,58,13,6,80,12,5,3,4,170,1.5,166,468,0.2,5,166,Centrum,BU03630608,Groenmarktkadebuurt
16750,670,355,320,5,5,40,21,29,64,16,10,10,4,490,1.3,510,427,0.2,10,357,Centrum,BU03630609,Marnixbuurt Zuid
23111,2080,1055,1025,8,11,31,31,18,67,22,8,3,8,1320,1.6,1334,533,0.4,70,1293,Centrum,BU03630610,Anjeliersbuurt Noord
26682,2935,1460,1470,8,10,31,33,19,69,20,9,2,11,1955,1.5,1972,484,0.3,80,1932,Centrum,BU03630611,Anjeliersbuurt Zuid
8900,265,155,115,4,15,54,21,6,79,16,4,1,4,195,1.4,205,475,0.2,5,205,Centrum,BU03630700,Leidsebuurt Noordwest
4233,130,70,60,2,23,42,22,11,70,20,7,2,8,95,1.4,107,529,0.2,5,101,Centrum,BU03630701,Leidsebuurt Zuidwest
20660,1030,535,495,5,22,51,16,6,80,14,5,1,5,705,1.5,719,515,0.2,30,704,Centrum,BU03630702,Leidsebuurt Noordoost
7175,290,150,135,11,12,35,28,14,68,24,4,3,21,185,1.5,203,587,0.3,10,203,Centrum,BU03630703,Leidsebuurt Zuidoost
20008,2400,1180,1225,11,9,45,23,12,72,21,5,1,9,1470,1.6,1536,573,0.4,90,1413,Centrum,BU03630704,Weteringbuurt
10690,1070,570,500,10,12,36,24,18,62,29,6,3,10,610,1.8,560,782,0.4,20,548,Centrum,BU03630705,Den Texbuurt
20217,1210,630,580,7,11,36,27,18,64,25,8,3,12,775,1.6,777,651,0.4,30,753,Centrum,BU03630706,Utrechtsebuurt Zuid
6657,935,485,450,9,8,37,29,16,64,27,7,2,12,570,1.6,558,734,0.6,25,513,Centrum,BU03630707,Frederikspleinbuurt
14905,3130,1600,1530,6,15,37,23,19,69,20,8,3,9,2055,1.5,1818,545,0.5,60,1781,Centrum,BU03630800,Weesperbuurt
11989,2155,1150,1010,9,13,41,27,10,73,19,7,2,12,1195,1.6,1173,529,0.4,45,1032,Centrum,BU03630801,Sarphatistrook
5468,1855,940,925,10,14,31,27,18,65,26,7,3,9,1095,1.6,1082,619,0.5,40,1027,Centrum,BU03630803,de Plantage
9900,395,205,195,14,9,44,24,9,76,17,5,2,10,240,1.7,233,551,0.3,5,230,Centrum,BU03630804,Alexanderplein e.o.
476,80,45,35,12,2,31,41,14,60,28,9,2,12,35,1.8,3,0,0.0,10,0,Centrum,BU03630900,Marine-Etablissement
18767,1690,785,905,9,21,27,21,22,61,26,10,3,9,1035,1.6,785,404,0.4,35,785,Centrum,BU03630901,Kattenburg
21933,2635,1465,1165,9,7,36,34,14,66,19,13,2,4,1355,1.6,1310,410,0.5,65,1231,Centrum,BU03630902,Wittenburg
8885,1775,900,875,10,11,36,29,14,67,22,9,2,10,1040,1.7,906,432,0.4,55,824,Centrum,BU03630903,Oostenburg
23610,2360,1175,1180,10,11,45,23,10,74,15,9,2,17,1465,1.6,1454,364,0.3,65,1148,Centrum,BU03630904,Czaar Peterbuurt
18557,1300,650,650,20,13,24,33,10,63,30,6,1,11,620,2.1,562,606,0.5,35,5,Centrum,BU03630905,Het Funen
18780,940,445,490,6,12,32,28,23,70,18,9,3,10,620,1.5,572,475,0.3,30,572,Centrum,BU03630907,Kazernebuurt
17265,2935,1490,1445,9,10,28,32,21,64,25,8,3,9,1890,1.6,1659,517,0.4,135,1526,Centrum,BU03630908,Kadijken
66,95,55,40,2,53,34,8,3,89,6,4,0,0,85,1.1,4,0,0.0,10,0,Westpoort,BU03631000,Coenhaven/Mercuriushaven
0,0,0,0,0,0,0,0,0,0,0,0,0,0,0,0.0,2,0,0.0,10,0,Westpoort,BU03631001,Alfa-driehoek
0,0,5,0,0,0,0,0,0,0,0,0,0,0,0,1.0,7,0,0.0,0,0,Westpoort,BU03631002,Petroleumhaven
9,35,20,10,0,0,0,0,0,0,0,0,0,30,15,1.7,12,0,0.0,10,0,Westpoort,BU03631003,Westhaven Noord
0,0,0,0,0,0,0,0,0,0,0,0,0,0,5,1.0,0,0,0.0,5,0,Westpoort,BU03631004,Vervoerscentrum
0,0,0,0,0,0,0,0,0,0,0,0,0,0,0,1.0,1,0,0.0,10,0,Westpoort,BU03631005,Amerikahaven
0,5,5,0,0,0,0,0,0,0,0,0,0,0,0,2.0,2,0,0.0,0,0,Westpoort,BU03631006,Afrikahaven
0,5,0,5,0,0,0,0,0,0,0,0,0,0,5,1.8,2,0,0.0,5,0,Westpoort,BU03631007,Westhaven Zuid
22,10,10,5,0,0,0,0,0,0,0,0,0,0,5,1.1,9,0,0.0,20,0,Nieuw-West,BU03631100,Sloterdijk II
0,0,0,0,0,0,0,0,0,0,0,0,0,0,0,0.0,0,0,0.0,0,0,Nieuw-West,BU03631102,Sloterdijk III Oost
58,120,95,25,2,45,33,18,3,85,7,8,0,0,105,1.1,29,0,0.0,50,4,Nieuw-West,BU03631103,Sloterdijk III West
28,30,15,15,0,0,0,0,0,0,0,0,0,36,10,2.2,2,0,0.0,0,0,Nieuw-West,BU03631104,De Heining
820,695,410,285,1,35,61,3,0,94,5,1,0,3,615,1.1,605,134,1.9,10,175,Nieuw-West,BU03631105,Teleport
0,0,0,5,0,0,0,0,0,0,0,0,0,0,0,1.0,0,0,0.0,0,0,Nieuw-West,BU03631107,Bretten Oost
0,0,0,0,0,0,0,0,0,0,0,0,0,0,0,0.0,0,0,0.0,0,0,Nieuw-West,BU03631109,Bretten West
10117,3035,1555,1480,23,5,42,23,8,63,30,5,2,33,1365,2.2,1418,679,0.9,100,0,West,BU03631200,Houthavens West
32650,655,355,300,8,6,24,41,21,58,31,8,2,5,395,1.6,352,632,0.6,25,193,West,BU03631201,Houthavens Oost
22167,1995,980,1015,15,9,38,27,11,70,20,9,2,11,1060,1.7,1026,407,0.4,40,954,West,BU03631300,Zeeheldenbuurt
27030,2700,1355,1350,12,8,35,31,14,67,19,11,2,11,1675,1.6,1646,373,0.3,65,1646,West,BU03631301,Spaarndammerbuurt Noordoost
20660,1030,485,550,12,8,38,27,14,70,20,9,2,7,625,1.7,595,361,0.4,30,529,West,BU03631302,Spaarndammerbuurt Zuidoost
21350,1705,855,850,12,6,39,21,22,66,18,10,6,15,960,1.6,947,361,0.3,35,947,West,BU03631303,Spaarndammerbuurt Zuidwest
21017,1260,650,615,13,9,43,26,9,70,19,9,2,18,770,1.6,811,373,0.4,40,713,West,BU03631304,Spaarndammerbuurt Midden
16250,1950,965,985,13,8,42,27,10,68,19,11,2,14,1115,1.7,1077,410,0.4,50,1077,West,BU03631305,Spaarndammerbuurt Noordwest
0,0,0,0,0,0,0,0,0,0,0,0,0,0,0,0.0,0,0,0.0,0,0,West,BU03631306,Westergasfabriek
0,5,0,0,0,0,0,0,0,0,0,0,0,0,5,1.3,6,0,0.0,0,0,West,BU03631307,Overbraker Binnenpolder
22900,1375,690,685,12,10,41,26,12,67,23,8,2,9,830,1.7,823,426,0.4,35,823,West,BU03631400,De Wittenbuurt Noord
21150,850,425,420,9,10,26,35,21,64,22,11,3,11,560,1.5,551,403,0.3,25,551,West,BU03631401,De Wittenbuurt Zuid
20267,1220,595,620,8,8,31,28,25,58,23,14,5,11,765,1.6,743,354,0.3,30,743,West,BU03631402,Staatsliedenbuurt Noordoost
36770,3675,1835,1840,11,8,46,28,8,76,16,7,1,14,2310,1.6,2329,358,0.3,105,2259,West,BU03631403,Fannius Scholtenbuurt
27660,2770,1370,1395,10,9,51,25,5,77,15,7,1,14,1745,1.6,1770,362,0.3,90,1716,West,BU03631404,Westerstaatsman
27536,3025,1515,1515,12,9,39,29,10,70,21,7,1,13,1680,1.8,1607,476,0.4,85,1060,West,BU03631405,Buyskade e.o.
21200,1270,600,670,13,15,22,39,11,62,28,9,2,6,610,2.1,602,502,0.3,25,602,West,BU03631500,Ecowijk
62,15,5,5,0,0,0,0,0,0,0,0,0,0,5,2.0,0,0,0.0,5,0,West,BU03631501,Markthallen
457,65,35,30,16,14,19,45,6,59,28,9,3,0,30,2.1,13,0,0.0,15,0,West,BU03631502,Bedrijvencentrum Westerkwartier
17750,1065,520,550,10,8,42,24,16,65,24,8,3,23,625,1.7,631,391,0.4,15,479,West,BU03631503,Marcanti
21400,3850,1845,2005,10,9,46,23,12,73,18,7,2,15,2360,1.6,2299,407,0.3,105,2276,West,BU03631600,Frederik Hendrikbuurt Noord
30009,3300,1770,1535,9,8,49,24,10,75,16,8,1,9,2095,1.5,2055,386,0.3,95,1870,West,BU03631601,Frederik Hendrikbuurt Zuidoost
18633,1115,565,550,9,8,30,33,19,62,25,9,4,6,680,1.6,771,448,0.4,40,678,West,BU03631602,Frederik Hendrikbuurt Zuidwest
21132,4650,2320,2330,9,9,46,23,13,72,19,7,2,15,2890,1.6,2689,491,0.3,140,2635,West,BU03631700,Da Costabuurt Noord
27210,2720,1450,1270,10,9,45,26,9,75,16,8,1,14,1445,1.7,1377,462,0.3,65,1349,West,BU03631800,Bellamybuurt Noord
25113,4015,1995,2025,11,9,51,21,8,75,16,7,1,16,2450,1.6,2446,409,0.3,115,2030,West,BU03631801,Bellamybuurt Zuid
32014,2245,1145,1095,8,11,52,21,8,78,16,5,1,8,1490,1.5,1466,419,0.3,50,1451,West,BU03631900,Da Costabuurt Zuid
25991,2860,1340,1515,10,9,30,28,23,61,22,12,5,9,1765,1.6,1720,354,0.3,50,1720,West,BU03631901,Borgerbuurt
30933,1860,950,910,9,8,46,26,10,74,16,9,1,13,1230,1.5,1222,385,0.3,40,1148,West,BU03631902,Lootsbuurt
25420,2540,1220,1325,12,12,44,23,10,71,22,5,1,17,1455,1.7,1389,643,0.4,80,1375,West,BU03632000,Helmersbuurt Oost
16294,2605,1320,1290,10,10,34,29,18,67,22,9,2,9,1655,1.6,1630,520,0.4,80,1483,West,BU03632001,WG-terrein
32957,2305,1130,1175,11,11,47,24,7,77,16,5,1,14,1400,1.7,1348,490,0.3,60,1348,West,BU03632002,Cremerbuurt Oost
28485,5695,2785,2905,10,9,52,21,8,75,18,6,1,14,3545,1.6,3382,463,0.3,150,3382,West,BU03632100,Cremerbuurt West
22240,2225,1045,1180,11,11,42,23,13,70,21,6,2,10,1260,1.7,1224,595,0.4,40,1199,West,BU03632101,Vondelparkbuurt West
6646,860,465,395,10,11,34,28,17,62,27,9,2,12,500,1.7,506,1066,0.6,25,506,West,BU03632200,Vondelparkbuurt Oost
10111,910,445,465,12,12,28,27,22,63,24,9,5,4,465,1.8,440,790,0.5,40,440,West,BU03632201,Vondelparkbuurt Midden
548,440,240,200,14,4,65,13,4,66,32,3,0,30,240,1.8,177,680,0.9,10,1,Zuid,BU03632300,Zuidas Noord
0,0,0,0,0,0,0,0,0,0,0,0,0,0,0,1.0,0,0,0.0,0,0,Zuid,BU03632301,RAI
264,120,70,50,14,13,50,15,8,77,18,3,1,8,85,1.4,37,540,0.5,0,37,Zuid,BU03632302,VU-kwartier
11036,2430,1330,1095,12,7,58,17,5,64,30,5,1,15,1415,1.7,1389,704,1.8,40,0,Zuid,BU03632303,Zuidas Zuid
3259,945,455,490,4,46,45,5,1,88,10,2,0,2,835,1.1,884,176,0.6,20,0,Zuid,BU03632304,Vivaldi
21567,2590,1320,1270,10,12,46,24,8,75,19,5,1,14,1600,1.6,1495,539,0.4,75,1480,Zuid,BU03632400,Hemonybuurt
19120,1910,995,915,8,11,46,23,12,72,18,8,2,14,1285,1.5,1296,468,0.2,40,1257,Zuid,BU03632401,Gerard Doubuurt
23764,2615,1300,1315,8,10,50,23,9,76,16,6,1,11,1725,1.5,1706,482,0.3,70,1671,Zuid,BU03632402,Frans Halsbuurt
32138,2570,1255,1315,8,12,50,20,10,77,15,7,1,10,1740,1.5,1670,408,0.2,60,1619,Zuid,BU03632403,Hercules Seghersbuurt
21500,4945,2495,2450,7,13,50,21,10,76,16,6,1,8,3300,1.5,3289,437,0.3,115,3223,Zuid,BU03632404,Sarphatiparkbuurt
23855,2625,1210,1415,7,11,45,21,16,69,18,9,4,9,1785,1.5,1790,412,0.3,60,1628,Zuid,BU03632500,Willibrordusbuurt
27793,3890,1935,1960,9,9,51,22,9,75,17,7,1,15,2495,1.6,2458,446,0.4,90,2187,Zuid,BU03632501,Van der Helstpleinbuurt
19533,2345,1135,1205,9,11,43,25,12,74,17,7,2,12,1425,1.6,1404,427,0.3,45,1404,Zuid,BU03632502,Lizzy Ansinghbuurt
23447,3515,1675,1845,9,10,49,21,12,73,18,7,2,13,2200,1.6,2149,439,0.3,75,2106,Zuid,BU03632503,Cornelis Troostbuurt
22036,3085,1495,1585,13,11,33,26,16,67,20,10,3,10,1775,1.7,1680,407,0.4,85,1680,Zuid,BU03632600,Diamantbuurt
23200,2785,1310,1475,10,10,36,27,17,65,20,11,3,8,1625,1.7,1626,409,0.3,60,1544,Zuid,BU03632601,Burgemeester Tellegenbuurt Oost
22100,2210,1045,1170,12,8,34,27,19,64,20,13,3,14,1335,1.7,1318,417,0.3,45,1318,Zuid,BU03632602,Burgemeester Tellegenbuurt West
16483,1980,1030,945,11,10,49,22,8,74,20,5,1,12,1195,1.7,1110,524,0.3,35,987,Oost,BU03632700,Swammerdambuurt
18144,3265,1630,1640,12,8,48,21,12,71,21,6,1,14,1900,1.7,1793,507,0.4,90,1613,Oost,BU03632701,Weesperzijde Midden/Zuid
9629,670,330,345,5,65,22,7,1,90,5,5,0,6,570,1.2,120,353,0.1,5,120,Oost,BU03632702,Parooldriehoek
17471,3670,1800,1870,8,10,46,23,13,71,19,8,2,11,2345,1.6,2282,399,0.3,95,1985,Oost,BU03632800,Oosterparkbuurt Noordwest
500,115,55,55,3,5,50,32,10,83,7,9,1,0,100,1.1,96,265,0.3,5,96,Oost,BU03632801,Oosterpark
23219,3715,1820,1895,13,10,40,25,13,67,23,7,3,13,2080,1.8,2039,460,0.4,75,2018,Oost,BU03632802,Oosterparkbuurt Zuidoost
26058,3125,1580,1545,13,10,39,25,12,68,20,10,2,12,1790,1.7,1796,407,0.3,50,1688,Oost,BU03632803,Oosterparkbuurt Zuidwest
21205,4240,2015,2220,11,11,40,23,16,67,20,10,3,10,2445,1.7,2416,398,0.3,65,2246,Oost,BU03632900,Dapperbuurt Noord
22035,3750,1850,1890,10,12,40,26,12,69,20,9,2,13,2270,1.6,2103,408,0.3,70,2018,Oost,BU03632901,Dapperbuurt Zuid
9355,2060,1025,1035,16,12,32,24,16,61,26,9,4,15,950,1.9,1008,515,0.5,25,262,Oost,BU03632902,Oostpoort
22517,4055,1970,2080,11,12,38,25,13,66,21,10,3,12,2285,1.8,2150,382,0.3,80,2107,Oost,BU03633000,Transvaalbuurt West
26574,5050,2470,2575,14,12,40,23,11,68,22,8,2,15,2665,1.9,2576,430,0.4,85,2421,Oost,BU03633001,Transvaalbuurt Oost
23165,3940,2020,1915,12,12,47,21,7,72,19,7,1,15,2340,1.7,2324,393,0.3,70,1975,Oost,BU03633100,Noordwestkwadrant Indische buurt Noord
30433,4565,2215,2350,11,13,47,21,9,73,18,7,2,14,2615,1.7,2417,384,0.3,125,2320,Oost,BU03633101,Noordwestkwadrant Indische buurt Zuid
25094,4015,1980,2035,14,13,35,24,14,61,26,10,3,11,2045,2.0,1964,356,0.4,65,1806,Oost,BU03633102,Zuidwestkwadrant Indische buurt
22177,5770,2880,2885,13,11,36,25,16,62,24,10,4,13,3130,1.8,3036,368,0.3,125,2823,Oost,BU03633200,Noordoostkwadrant Indische buurt
25271,3535,1750,1785,14,13,36,26,12,63,26,9,3,13,1800,2.0,1722,391,0.4,60,1567,Oost,BU03633201,Zuidoostkwadrant Indische buurt
4789,430,215,220,12,13,26,36,14,59,31,7,3,9,210,2.0,197,553,0.6,15,41,Oost,BU03633202,Zeeburgerdijk Oost
39,20,5,10,0,0,0,0,0,0,0,0,0,0,10,1.6,5,0,0.0,0,0,Oost,BU03633203,Flevopark
6139,1415,745,670,13,7,44,28,7,62,29,8,1,18,730,1.9,751,565,0.6,40,0,Oost,BU03633300,Oostelijke Handelskade
8941,2410,1210,1205,13,10,36,30,11,63,27,8,2,16,1250,1.9,1221,506,0.5,70,231,Oost,BU03633301,Rietlanden
18135,3085,1540,1540,12,9,27,36,15,60,29,8,3,9,1615,1.9,1572,581,0.6,65,1336,Oost,BU03633302,Java-eiland
18385,2390,1240,1145,10,7,26,39,17,58,30,10,3,9,1385,1.7,1324,466,0.6,115,1284,Oost,BU03633303,KNSM-eiland
17531,2805,1375,1430,17,13,25,39,5,64,30,6,1,5,1170,2.4,1112,582,0.7,95,522,Oost,BU03633304,Sporenburg
23150,2780,1385,1395,19,13,27,35,6,67,26,7,1,14,1190,2.3,1107,633,0.6,110,664,Oost,BU03633305,Borneo
13036,1435,715,725,11,11,32,33,13,61,25,11,2,10,785,1.8,758,416,0.5,40,674,Oost,BU03633306,Entrepot-Noordwest
17040,1705,855,850,9,9,30,36,16,62,25,11,2,13,1020,1.7,1004,389,0.5,50,1004,Oost,BU03633307,Architectenbuurt
850,35,10,20,0,0,0,0,0,0,0,0,0,0,25,1.5,18,0,0.0,0,0,Oost,BU03633308,Bedrijvengebied Veelaan
3188,545,305,235,13,12,60,14,2,76,20,4,1,52,310,1.7,298,0,0.6,25,8,Oost,BU03633309,Bedrijvengebied Cruquiusweg
3220,160,85,75,17,9,35,20,19,63,30,4,2,19,95,1.7,12,0,0.8,10,0,Oost,BU03633310,Bedrijvengebied Zeeburgerkade
57,20,10,10,0,0,0,0,0,0,0,0,0,0,5,2.5,5,0,0.0,0,0,Oost,BU03633400,Zeeburgereiland Noordwest
2161,495,205,290,1,80,17,1,1,98,2,0,0,2,450,1.1,453,23,0.1,5,0,Oost,BU03633402,Zeeburgereiland Zuidoost
1524,260,125,135,5,51,35,7,2,95,3,1,0,4,200,1.3,86,0,0.4,20,0,Oost,BU03633403,Zeeburgereiland Zuidwest
63,75,45,30,13,15,16,40,16,60,31,7,3,0,35,2.1,16,0,0.0,5,0,Oost,BU03633404,Nieuwe Diep/Diemerpark
14131,4095,2060,2040,17,14,50,15,5,73,20,6,1,17,2265,1.8,2382,0,0.4,80,0,Oost,BU03633405,RI Oost terrein
154,35,20,15,0,0,0,0,0,0,0,0,0,27,20,1.7,0,0,0.0,0,0,Oost,BU03633406,Zeeburgereiland Noordoost
11400,1595,800,795,22,13,35,26,4,65,25,8,1,19,700,2.3,669,450,0.7,50,0,Oost,BU03633500,Steigereiland Noord
11652,2680,1360,1315,25,17,22,32,4,66,28,6,1,8,940,2.8,932,580,0.8,70,0,Oost,BU03633501,Steigereiland Zuid
10367,2800,1405,1390,22,17,19,37,5,61,32,6,1,6,1000,2.8,965,756,0.9,70,0,Oost,BU03633502,Haveneiland Zuidwest/Rieteiland West
16729,2840,1425,1420,18,12,39,23,8,64,27,8,1,11,1390,2.0,1387,397,0.5,80,0,Oost,BU03633504,Haveneiland Noordwest
18658,5785,2850,2935,23,14,33,26,5,63,29,7,1,15,2360,2.5,2321,463,0.6,135,0,Oost,BU03633505,Haveneiland Noordoost
867,450,240,210,12,4,68,11,5,79,14,6,1,27,245,1.8,226,477,0.6,15,40,West,BU03633600,Woon- en Groengebied Sloterdijk
88,60,45,15,0,10,35,52,3,80,7,13,0,0,55,1.1,17,0,0.0,10,0,West,BU03633601,Bedrijventerrein Sloterdijk I
4945,540,285,260,6,9,71,8,6,80,15,4,1,22,365,1.5,359,0,0.4,15,359,West,BU03633700,Bedrijventerrein Landlust
16771,5705,2745,2960,15,16,39,22,9,65,26,7,2,13,2915,1.9,2738,330,0.4,100,2573,West,BU03633702,Bosleeuw
20535,4110,2040,2065,13,9,49,21,9,71,19,8,2,19,2330,1.8,2175,386,0.4,100,2175,West,BU03633703,Landlust Zuid
23363,1870,895,970,17,13,38,24,8,69,22,7,2,16,970,1.9,872,453,0.4,40,706,West,BU03633704,Erasmusparkbuurt Oost
22689,4310,2170,2140,13,10,47,22,8,70,20,9,2,14,2505,1.7,2340,329,0.3,75,2340,West,BU03633705,Gibraltarbuurt
24040,2405,1150,1255,15,13,45,20,8,70,21,7,2,12,1295,1.8,1218,347,0.4,50,1193,West,BU03633706,Landlust Noord
13603,4080,1930,2155,11,10,52,18,8,72,21,6,2,19,2355,1.7,2159,356,0.4,100,1921,West,BU03633802,Erasmusparkbuurt West
25100,1755,840,915,11,12,48,20,8,72,20,6,2,12,990,1.8,923,377,0.3,45,913,West,BU03633803,Robert Scottbuurt Oost
14393,2015,970,1040,9,14,47,17,13,68,20,7,4,7,1300,1.5,1382,254,0.3,40,1174,West,BU03633900,Robert Scottbuurt West
13894,2220,1110,1110,18,21,41,13,7,71,22,6,2,20,1225,1.8,1217,354,0.3,20,0,West,BU03633901,Laan van Spartaan
18800,2260,1145,1115,15,13,43,19,10,62,28,7,3,12,1080,2.1,1076,376,0.4,30,333,West,BU03633902,Kolenkitbuurt Zuid
15087,4530,2305,2225,21,13,41,20,6,63,29,7,1,17,1945,2.3,1800,343,0.5,40,990,West,BU03633903,Kolenkitbuurt Noord
21275,1705,800,905,8,9,59,15,8,80,13,5,1,16,1140,1.5,1083,373,0.3,40,1050,West,BU03634000,Geuzenhofbuurt
26533,3180,1515,1665,13,12,47,18,9,73,19,5,2,18,1780,1.8,1603,456,0.4,65,1603,West,BU03634001,Trompbuurt
26871,1885,965,915,12,11,45,23,9,71,20,7,2,14,1080,1.7,1008,410,0.4,55,977,West,BU03634002,Pieter van der Doesbuurt
28271,1980,965,1010,12,9,48,22,9,73,17,9,2,19,1195,1.7,1124,362,0.4,50,1124,West,BU03634100,John Franklinbuurt
27975,2240,1055,1180,11,12,43,25,9,70,18,9,2,14,1335,1.7,1319,350,0.3,40,1319,West,BU03634101,Jan Maijenbuurt
33975,1360,665,695,11,9,47,20,12,68,19,10,3,10,810,1.7,776,351,0.3,35,776,West,BU03634102,Orteliusbuurt Noord
26700,2670,1870,800,13,14,44,28,1,78,6,16,0,17,0,1.0,1,0,0.0,30,0,West,BU03634103,Mercatorpark
25358,3045,1500,1545,12,12,47,21,8,71,18,9,2,14,1725,1.8,1671,361,0.3,75,1570,West,BU03634200,Balboaplein e.o.
24979,3495,1790,1710,13,10,44,24,10,68,22,9,2,18,2020,1.7,1943,364,0.4,70,1943,West,BU03634201,Columbusplein e.o.
32217,1935,940,990,11,10,47,23,8,72,18,9,1,20,1155,1.7,1116,373,0.4,60,1116,West,BU03634202,Orteliusbuurt Midden
23425,1875,905,970,9,10,48,20,13,70,18,8,4,13,1110,1.6,1060,362,0.4,40,1060,West,BU03634203,Orteliusbuurt Zuid
23713,3795,1805,1985,13,9,51,18,8,73,19,6,2,18,2155,1.8,1972,459,0.4,95,1972,West,BU03634300,Paramariboplein e.o.
19013,3045,1420,1625,12,9,48,20,10,72,19,7,2,20,1750,1.7,1660,426,0.4,80,1660,West,BU03634301,Postjeskade e.o.
19450,1555,695,860,13,10,45,20,13,71,22,5,2,12,915,1.7,831,490,0.4,45,814,Zuid,BU03634400,Surinamepleinbuurt
22506,3600,1675,1930,12,9,47,22,10,72,19,7,2,21,2100,1.7,2036,434,0.4,95,2015,Zuid,BU03634401,Westlandgrachtbuurt
25240,2525,1155,1370,11,8,53,19,8,73,20,6,1,23,1480,1.7,1463,410,0.4,75,1463,Zuid,BU03634402,Aalsmeerwegbuurt West
19673,2165,1025,1135,10,9,46,25,10,72,19,7,2,16,1300,1.7,1264,453,0.5,45,1251,Zuid,BU03634403,Aalsmeerwegbuurt Oost
23900,1675,770,905,13,9,43,24,11,71,20,7,2,16,975,1.7,939,476,0.4,40,901,Zuid,BU03634404,Legmeerpleinbuurt
791,260,145,120,3,38,31,20,8,79,16,3,2,0,195,1.3,7,0,1.3,15,0,Zuid,BU03634405,Bedrijventerrein Schinkel
24310,2430,1175,1255,9,12,49,22,8,74,17,7,1,13,1550,1.6,1465,451,0.4,60,1377,Zuid,BU03634500,Schinkelbuurt Noord
8179,1555,730,825,10,11,41,23,15,70,16,11,3,8,985,1.6,946,419,0.3,30,841,Zuid,BU03634501,Schinkelbuurt Zuid
12955,1425,710,710,20,13,22,32,13,55,36,7,2,6,640,2.2,667,1144,0.9,40,667,Zuid,BU03634600,Valeriusbuurt Oost
18429,2580,1250,1335,18,10,32,26,14,61,30,6,2,10,1245,2.1,1243,820,0.6,45,1243,Zuid,BU03634601,Valeriusbuurt West
8226,1565,775,790,14,14,29,29,13,59,32,6,2,10,790,2.0,771,1234,0.8,25,771,Zuid,BU03634602,Willemsparkbuurt Noord
0,0,0,0,0,0,0,0,0,0,0,0,0,0,0,0.0,0,0,0.0,0,0,Zuid,BU03634603,Vondelpark West
10027,1505,745,760,15,10,30,27,17,58,32,6,3,10,780,1.9,764,1029,0.6,25,695,Zuid,BU03634700,Johannnes Vermeerbuurt
7145,785,400,390,11,9,35,27,17,60,33,6,2,10,450,1.7,492,1071,0.6,30,487,Zuid,BU03634701,P.C. Hooftbuurt
14085,1830,930,900,16,11,28,28,17,58,33,6,3,13,965,1.9,1016,1168,0.6,35,995,Zuid,BU03634702,Concertgebouwbuurt
15121,2870,1420,1450,17,12,27,29,15,56,37,5,2,9,1430,2.0,1480,1267,0.7,60,1480,Zuid,BU03634703,Cornelis Schuytbuurt
7870,785,375,410,14,14,17,29,26,50,39,8,4,3,375,2.1,345,1583,0.8,15,341,Zuid,BU03634704,Banpleinbuurt
16733,2005,965,1045,15,10,34,23,18,59,32,5,4,9,1065,1.9,1026,868,0.6,35,1026,Zuid,BU03634705,Hondecoeterbuurt
13700,1370,635,735,8,6,18,21,47,42,38,12,8,4,865,1.6,883,550,0.5,20,883,Zuid,BU03634706,Harmoniehofbuurt
0,5,10,5,0,0,0,0,0,0,0,0,0,0,5,1.6,5,0,0.0,0,0,Zuid,BU03634707,Museumplein
0,5,0,0,0,0,0,0,0,0,0,0,0,0,5,2.5,3,0,0.0,0,0,Zuid,BU03634708,Vondelpark Oost
22683,1360,660,700,10,10,50,22,8,73,19,6,1,13,845,1.6,868,527,0.4,25,868,Zuid,BU03634709,Duivelseiland
22200,1110,535,575,9,9,35,25,21,63,20,14,3,8,680,1.6,649,419,0.4,30,649,Zuid,BU03634800,Bertelmanpleinbuurt
9807,1470,695,775,11,11,30,29,19,64,20,13,3,10,880,1.7,876,439,0.4,40,876,Zuid,BU03634801,Marathonbuurt Oost
19925,2395,1135,1255,9,9,38,28,17,66,18,13,3,8,1535,1.6,1523,368,0.4,50,1523,Zuid,BU03634802,Marathonbuurt West
11152,2340,1125,1220,19,7,37,22,15,59,30,8,3,13,1160,2.0,1198,621,0.6,45,131,Zuid,BU03634803,Olympisch Stadion e.o.
1639,375,180,195,21,13,16,37,13,62,29,7,2,5,165,2.3,3,0,0.9,20,0,Zuid,BU03634804,IJsbaanpad e.o.
20875,4175,1940,2230,13,9,45,20,12,68,22,8,3,16,2375,1.8,2320,487,0.5,85,2320,Zuid,BU03634805,Van Tuyllbuurt
4258,805,390,420,21,13,20,30,16,53,39,4,4,9,330,2.5,330,2113,1.2,5,326,Zuid,BU03634900,Diepenbrockbuurt
8100,1215,580,635,18,13,22,29,19,51,37,8,4,15,560,2.2,561,1361,0.9,25,561,Zuid,BU03634901,Beethovenbuurt
840,85,40,45,24,15,6,43,12,50,38,11,1,0,30,2.7,33,0,0.0,5,32,Zuid,BU03634902,Hiltonbuurt
9779,1370,670,695,21,10,21,30,18,51,38,7,3,12,600,2.3,614,1212,0.8,20,614,Zuid,BU03634903,Minervabuurt Noord
15933,2390,1125,1260,19,12,24,27,18,52,37,7,4,10,1110,2.2,1111,1045,0.8,20,1111,Zuid,BU03634904,Minervabuurt Midden
17553,2630,1270,1360,18,8,30,25,19,55,34,7,3,17,1305,2.0,1261,862,0.7,40,1261,Zuid,BU03634905,Minervabuurt Zuid
0,0,0,0,0,0,0,0,0,0,0,0,0,0,0,0.0,0,0,0.0,0,0,Oost,BU03635000,Strandeiland
0,0,0,0,0,0,0,0,0,0,0,0,0,0,0,0.0,0,0,0.0,0,0,Oost,BU03635001,Middeneiland Zuidoost
0,0,0,0,0,0,0,0,0,0,0,0,0,0,0,0.0,0,0,0.0,0,0,Oost,BU03635003,Middeneiland Zuidwest
0,0,0,0,0,0,0,0,0,0,0,0,0,0,0,0.0,0,0,0.0,0,0,Oost,BU03635005,Buiteneiland
263,70,35,35,37,7,34,23,0,66,31,3,0,141,25,3.1,9,0,0.0,5,0,Oost,BU03635006,Centrumeiland
3430,345,165,175,34,13,14,38,1,64,34,3,0,3,100,3.5,90,1414,1.3,10,0,Oost,BU03635100,Rieteiland Oost
13707,6030,2970,3060,30,12,29,26,3,65,28,6,1,12,2205,2.7,2186,540,0.7,120,0,Oost,BU03635101,Haveneiland Oost
16191,1780,830,945,21,12,38,22,7,64,25,9,2,13,830,2.1,821,393,0.6,45,0,Oost,BU03635102,Haveneiland Noord
21036,2945,1355,1590,14,9,39,23,14,65,25,7,2,15,1590,1.9,1478,638,0.5,70,1478,Zuid,BU03635200,Wielingenbuurt
17140,4285,2025,2260,14,10,39,21,15,66,23,8,3,16,2405,1.8,2238,561,0.5,90,2238,Zuid,BU03635201,Scheldebuurt West
19350,3095,1420,1675,15,9,42,19,15,66,24,7,2,17,1665,1.9,1557,597,0.5,90,1557,Zuid,BU03635202,Scheldebuurt Midden
16629,2330,1055,1270,13,11,43,20,12,69,22,7,2,14,1305,1.8,1181,523,0.4,55,1181,Zuid,BU03635203,Scheldebuurt Oost
11515,1495,725,770,12,6,35,22,26,62,17,13,8,11,875,1.6,974,417,0.4,20,788,Zuid,BU03635206,Veluwebuurt
4024,685,350,335,13,5,62,12,9,65,28,5,2,29,350,1.9,426,0,0.5,15,0,Zuid,BU03635207,Kop Zuidas
19592,2350,1130,1220,10,9,43,23,16,70,18,10,2,12,1495,1.6,1471,412,0.4,40,1471,Zuid,BU03635300,IJselbuurt West
22100,2870,1370,1505,11,13,43,21,13,70,18,9,3,11,1730,1.7,1543,440,0.4,80,1373,Zuid,BU03635301,IJselbuurt Oost
14624,2485,1175,1315,9,11,42,23,15,72,16,10,3,9,1580,1.6,1453,413,0.3,55,1423,Zuid,BU03635400,Kromme Mijdrechtbuurt
14132,2685,1260,1425,10,13,44,21,12,71,18,8,2,16,1645,1.6,1513,424,0.4,75,1497,Zuid,BU03635401,Rijnbuurt Oost
8435,2195,1010,1185,10,10,47,20,13,73,18,7,2,14,1325,1.7,1242,444,0.5,65,1242,Zuid,BU03635402,Rijnbuurt Midden
20925,1675,810,865,11,8,30,29,21,64,17,16,3,11,1075,1.6,1073,383,0.3,25,1030,Zuid,BU03635403,Rijnbuurt West
170,45,25,20,0,0,0,0,0,0,0,0,0,0,25,1.8,15,0,0.0,10,0,Zuid,BU03635404,Zorgvlied
15367,2765,1460,1305,8,25,54,10,2,86,8,5,0,15,1760,1.3,1367,273,0.2,45,724,Oost,BU03635501,De Eenhoorn
5744,1035,525,505,9,5,56,17,13,70,22,6,2,17,600,1.7,610,436,0.4,20,420,Oost,BU03635502,Julianapark
13175,2105,1060,1045,16,11,35,25,14,66,25,6,2,13,1055,2.0,1000,529,0.6,40,990,Oost,BU03635503,Don Bosco
52,15,5,5,0,0,0,0,0,0,0,0,0,77,10,1.6,8,0,0.0,0,0,Oost,BU03635504,Frankendael
7582,835,365,475,15,10,23,29,24,58,20,16,6,18,490,1.7,486,299,0.4,20,486,Oost,BU03635505,Tuindorp Amstelstation
6493,1820,855,960,15,11,21,30,23,56,28,9,6,10,890,1.9,885,435,0.6,60,885,Oost,BU03635506,De Wetbuurt
7608,2740,1395,1345,14,6,34,25,20,60,23,13,4,13,1575,1.6,1525,383,0.4,85,1204,Oost,BU03635507,Tuindorp Frankendael
8300,580,295,280,15,15,33,24,13,66,23,9,2,12,305,1.9,272,321,0.4,10,272,Oost,BU03635508,Van der Kunbuurt
15541,2640,1305,1340,17,11,33,25,14,65,27,6,2,10,1325,2.0,1285,653,0.6,75,1285,Oost,BU03635600,Linnaeusparkbuurt
15200,2890,1355,1535,19,12,27,28,14,60,32,6,3,13,1295,2.2,1200,663,0.6,75,1200,Oost,BU03635601,Middenmeer Noord
12458,4985,2370,2615,19,12,32,25,12,64,26,7,3,18,2420,2.1,2312,523,0.6,100,2312,Oost,BU03635602,Middenmeer Zuid
1419,295,135,165,9,3,17,23,48,40,31,12,18,17,185,1.6,189,520,0.6,5,189,Oost,BU03635603,Sportpark Middenmeer Zuid
1042,250,170,85,1,62,36,1,0,94,5,1,0,0,240,1.0,251,75,0.0,5,0,Oost,BU03635604,Sportpark Middenmeer Noord
6023,1565,750,815,13,13,20,38,17,53,37,7,3,8,710,2.2,699,575,0.7,30,0,Oost,BU03635605,Park de Meer
0,0,0,0,0,0,0,0,0,0,0,0,0,0,0,0.0,0,0,0.0,0,0,Oost,BU03635606,Sportpark Voorland
6400,2625,1215,1410,6,45,37,10,2,85,13,2,0,8,1935,1.4,1847,287,0.2,35,0,Oost,BU03635607,Science Park Noord
407,285,160,120,2,49,41,4,3,92,6,2,1,7,265,1.1,243,122,0.2,0,2,Oost,BU03635608,Science Park Zuid
7116,3130,1460,1675,13,8,27,28,24,57,24,14,5,13,1870,1.7,1954,360,0.5,100,1954,Oost,BU03635700,Betondorp
0,5,5,5,0,0,0,0,0,0,0,0,0,0,0,2.0,3,0,0.0,0,0,Oost,BU03635701,Nieuwe Oosterbegraafplaats
0,0,0,0,0,0,0,0,0,0,0,0,0,0,0,0.0,0,0,0.0,0,0,Oost,BU03635702,Drieburg
1861,855,470,385,7,12,66,12,3,82,15,3,1,18,460,1.6,1129,0,0.6,45,33,Oost,BU03635801,Weespertrekvaart
182,80,40,40,15,9,21,35,21,66,24,6,4,0,40,2.2,1,0,0.0,5,0,Oost,BU03635804,Amstelglorie
43,50,30,15,0,0,0,0,0,0,0,0,0,0,10,2.9,5,0,0.0,0,0,Oost,BU03635805,Overamstel
9436,2640,1345,1295,10,14,62,12,2,82,14,4,0,14,1725,1.5,1746,388,0.5,70,0,Oost,BU03635806,Amstelkwartier Noord
5967,715,370,345,9,6,42,23,19,58,32,7,4,17,420,1.7,412,591,0.5,20,387,Oost,BU03635807,De Omval
126,30,15,15,0,0,0,0,0,0,0,0,0,0,20,1.5,3,0,0.0,5,0,Oost,BU03635808,Amstelkwartier Zuid
4186,880,465,420,1,29,66,3,2,94,5,1,0,8,710,1.2,711,230,0.1,20,191,Oost,BU03635809,Amstelkwartier West
5750,1380,645,740,20,9,24,25,22,51,38,6,5,5,650,2.1,693,913,0.9,20,693,Zuid,BU03635900,Prinses Irenebuurt
0,0,0,0,0,0,0,0,0,0,0,0,0,0,0,0.0,0,0,0.0,0,0,Zuid,BU03635901,Beatrixpark
9429,4620,2295,2325,16,12,35,27,9,66,20,11,2,14,2465,1.9,2470,270,0.5,95,2420,Noord,BU03636000,Van der Pekbuurt
6711,2415,1170,1245,19,10,29,26,15,61,24,11,4,12,1215,2.0,1189,329,0.5,35,1189,Noord,BU03636001,Bloemenbuurt Zuid
6880,2410,1200,1210,15,7,31,29,18,54,30,11,5,13,1240,1.9,1220,308,0.7,70,1220,Noord,BU03636002,Bloemenbuurt Noord
12150,2430,1270,1155,12,9,32,31,16,62,23,12,4,9,1435,1.7,1426,317,0.5,55,1426,Noord,BU03636100,IJplein e.o.
13284,4250,2115,2135,16,12,35,25,12,65,22,10,3,15,2175,1.9,2028,330,0.5,75,1906,Noord,BU03636101,Vogelbuurt Zuid
4403,1275,630,650,16,9,39,25,11,67,21,10,3,22,710,1.8,658,309,0.5,45,658,Noord,BU03636102,Vogelbuurt Noord
484,180,95,85,18,15,18,42,7,60,30,8,2,6,70,2.5,40,555,1.2,10,2,Noord,BU03636103,Vliegenbos
9482,1045,475,565,13,8,22,28,29,44,38,10,8,8,535,1.9,538,316,0.8,35,538,Noord,BU03636200,Tuindorp Nieuwendam West
7634,2445,1115,1325,17,8,23,31,21,54,27,13,6,13,1290,1.9,1304,333,0.7,110,1304,Noord,BU03636201,Tuindorp Nieuwendam Oost
11153,1895,915,985,15,10,27,29,19,55,29,10,6,15,930,2.0,912,318,0.7,65,912,Noord,BU03636300,Blauwe Zand
7200,145,70,75,22,12,17,28,22,60,33,4,3,14,60,2.6,59,723,0.9,5,47,Noord,BU03636400,Buiksloterdijk West
3933,115,60,60,12,8,18,32,30,50,42,4,3,25,50,2.3,53,867,1.1,10,50,Noord,BU03636401,Buiksloterdijk Oost
10370,1040,515,525,21,11,19,33,16,60,33,4,3,12,410,2.5,396,673,1.0,55,380,Noord,BU03636402,Nieuwendammerdijk West
5171,360,175,180,26,11,22,28,13,59,34,6,2,14,125,2.8,122,728,1.1,15,107,Noord,BU03636403,Nieuwendammerdijk Oost
0,5,5,0,0,0,0,0,0,0,0,0,0,0,0,3.0,0,0,0.0,0,0,Noord,BU03636404,Nieuwendammerdijk Zuid
6688,1140,530,610,14,8,20,26,33,43,33,13,11,6,545,2.0,550,300,0.8,40,550,Noord,BU03636500,Tuindorp Oostzaan West
8208,4185,1920,2270,16,9,27,28,19,54,31,10,5,18,2050,2.0,1994,302,0.7,175,1994,Noord,BU03636501,Tuindorp Oostzaan Oost
6266,4075,2035,2035,14,9,30,28,19,57,27,12,4,10,2195,1.8,2112,288,0.6,130,1943,Noord,BU03636502,Terrasdorp
10062,2615,1300,1310,31,11,34,21,3,65,29,5,1,19,885,3.0,742,544,0.9,80,0,Noord,BU03636503,De Bongerd
891,400,200,195,16,8,25,35,16,57,32,6,5,17,180,2.2,137,447,1.1,45,120,Noord,BU03636601,Oostzanerdijk
2808,1380,670,700,17,13,26,33,12,52,38,7,4,15,585,2.4,546,400,1.0,80,518,Noord,BU03636602,Walvisbuurt
6856,2470,1240,1225,16,13,22,35,14,53,38,6,3,11,1005,2.5,945,427,1.0,150,926,Noord,BU03636603,Twiske West
177,135,70,65,10,10,10,41,29,46,39,12,3,0,60,2.1,2,0,1.1,20,0,Noord,BU03636604,Noorder IJplas
10427,3130,1490,1640,21,14,26,21,18,57,25,12,6,10,1505,2.1,1417,243,0.5,35,1417,Noord,BU03636605,Molenwijk
8431,1345,680,670,13,10,33,32,12,56,33,9,3,9,685,1.9,643,303,0.8,50,591,Noord,BU03636606,Circus/Kermisbuurt
2068,2420,1155,1265,24,9,25,28,13,58,34,6,3,15,950,2.6,903,548,1.0,135,695,Noord,BU03636700,Kadoelen
6033,1090,515,570,16,12,20,31,21,47,43,7,4,12,450,2.4,444,371,1.0,40,444,Noord,BU03636701,Twiske Oost
5336,590,290,295,9,11,31,23,26,53,30,10,6,14,360,1.6,353,250,0.6,15,353,Noord,BU03636800,Baanakkerspark Noord
3186,445,220,225,7,9,27,24,33,51,33,10,6,4,265,1.7,259,327,0.7,10,259,Noord,BU03636801,Baanakkerspark Zuid
13781,4960,2420,2540,17,12,32,25,14,58,26,12,4,12,2570,1.9,2368,265,0.5,105,1941,Noord,BU03636802,Werengouw Midden
8973,3675,1800,1875,25,15,32,21,7,61,29,7,2,18,1410,2.6,1366,342,0.8,55,696,Noord,BU03636803,Markengouw Midden
10450,2295,1150,1155,28,14,31,20,7,62,28,8,2,15,855,2.5,813,296,0.7,35,682,Noord,BU03636804,Markengouw Zuid
8368,1590,735,850,24,13,23,26,13,54,34,9,3,6,625,2.5,594,373,0.8,35,594,Noord,BU03636805,Werengouw Zuid
1553,235,110,120,11,8,18,28,36,45,45,4,6,4,90,2.2,91,532,1.0,5,90,Noord,BU03636900,Rode Kruisbuurt
10356,1655,845,810,10,13,34,20,24,58,22,12,8,3,980,1.6,818,247,0.4,45,818,Noord,BU03636902,Loenermark
4287,985,465,525,7,7,28,20,38,46,25,13,16,6,570,1.5,594,315,0.6,15,362,Noord,BU03636909,Buikslotermeerplein
11061,3095,1490,1610,18,15,31,23,13,61,25,11,3,11,1515,2.0,1400,292,0.5,45,1400,Noord,BU03636910,Plan van Gool
11809,2720,1295,1425,19,15,23,25,18,56,28,11,5,7,1250,2.2,1151,255,0.5,45,1151,Noord,BU03636911,De Kleine Wereld
5313,2495,1165,1330,8,21,27,18,25,58,25,9,8,8,1585,1.5,1250,307,0.4,60,1250,Noord,BU03636912,Buikslotermeer Noord
11044,3755,1725,2035,20,15,25,23,17,56,28,10,6,11,1565,2.3,1399,302,0.5,45,979,Noord,BU03637000,Banne Zuidwest
8322,4160,2110,2050,19,8,33,24,16,57,31,9,3,16,2065,2.0,2009,321,0.6,85,1225,Noord,BU03637001,Banne Zuidoost
8419,2610,1265,1345,18,15,29,24,14,57,29,11,4,10,1240,2.1,1120,269,0.6,35,1120,Noord,BU03637002,Banne Noordwest
9043,3620,1800,1815,19,14,26,25,16,55,33,8,4,11,1545,2.3,1467,298,0.7,60,1467,Noord,BU03637003,Banne Noordoost
4100,330,165,165,17,9,23,31,20,48,42,5,5,9,140,2.3,118,601,1.1,15,118,Noord,BU03637004,Buiksloterbreek
11433,340,180,165,21,13,37,22,7,66,26,5,2,6,150,2.3,147,400,0.7,10,101,Noord,BU03637005,Marjoleinterrein
2274,1295,695,605,24,7,40,24,5,68,26,5,1,19,565,2.3,437,0,0.8,45,65,Noord,BU03637102,Papaverweg e.o.
0,0,0,0,0,0,0,0,0,0,0,0,0,0,0,0.0,0,0,0.0,10,0,Noord,BU03637104,Cornelis Douwesterrein
5868,2170,1130,1040,2,26,68,4,1,91,7,2,0,18,1725,1.3,1639,189,0.3,70,0,Noord,BU03637105,NDSM terrein
2040,715,370,345,21,6,51,18,5,72,18,10,1,15,385,1.9,366,0,0.9,30,7,Noord,BU03637106,Buiksloterham
5634,1635,915,720,11,6,48,22,13,64,28,7,2,18,985,1.7,829,559,0.5,55,0,Noord,BU03637107,Overhoeks
678,215,145,70,6,16,55,18,6,77,16,6,1,14,170,1.3,191,248,1.6,15,70,Noord,BU03637200,Bedrijventerrein Hamerstraat
0,10,5,5,0,0,0,0,0,0,0,0,0,0,5,1.1,1,0,0.0,0,0,Noord,BU03637201,Zamenhofstraat e.o.
240,20,15,10,0,0,0,0,0,0,0,0,0,0,10,2.7,5,0,0.0,0,0,Noord,BU03637202,Bedrijventerrein Nieuwendammerdijk
447,65,30,35,12,15,13,42,18,61,25,10,3,0,30,2.0,31,652,0.0,5,22,Noord,BU03637300,Schellingwoude West
958,630,315,315,23,8,20,32,16,58,35,5,2,13,255,2.4,189,759,1.0,35,151,Noord,BU03637301,Schellingwoude Oost
0,5,5,5,0,0,0,0,0,0,0,0,0,0,0,3.0,2,0,0.0,0,0,Noord,BU03637302,Schellingwoude Noord
204,520,270,255,21,11,16,34,18,54,38,4,4,10,205,2.6,185,783,1.2,25,151,Noord,BU03637303,Durgerdam
14,20,15,5,0,0,0,0,0,0,0,0,0,0,5,2.8,18,0,0.0,0,0,Noord,BU03637304,Zwarte Gouw
181,325,165,160,18,11,14,32,24,51,39,5,4,12,135,2.4,136,806,1.6,25,115,Noord,BU03637305,Ransdorp
38,290,150,140,19,10,15,35,21,45,42,6,6,0,110,2.6,120,726,1.4,15,86,Noord,BU03637306,Holysloot
57,485,250,230,15,12,21,31,22,50,40,6,4,12,205,2.3,213,716,1.1,25,146,Noord,BU03637307,Zunderdorp
64,60,35,20,5,3,45,38,8,72,20,7,2,0,50,1.2,1,0,0.5,5,0,Noord,BU03637308,Noorderstrook West
0,10,10,0,0,0,0,0,0,0,0,0,0,0,5,2.7,1,0,0.0,0,0,Noord,BU03637309,Noorderstrook Oost
3150,125,70,55,29,6,20,28,17,52,46,2,1,16,40,3.2,40,678,0.0,5,40,Noord,BU03637400,Nintemanterrein
2757,825,500,325,6,24,58,9,3,86,10,3,0,16,705,1.2,943,0,0.2,20,0,Noord,BU03637401,Elzenhagen Zuid
6046,2905,1465,1435,28,10,35,21,7,61,32,5,2,21,1095,2.6,929,518,0.8,60,362,Noord,BU03637402,Elzenhagen Noord
22200,2220,1090,1130,13,13,39,25,9,70,22,6,2,11,1180,1.9,1069,464,0.4,55,1058,West,BU03637500,Kortenaerkwartier
26925,1075,555,525,13,11,48,21,7,73,19,6,1,18,650,1.7,581,432,0.3,35,458,West,BU03637501,Filips van Almondekwartier
25814,1805,880,925,15,12,40,23,9,66,24,8,2,11,905,2.0,860,424,0.4,50,748,West,BU03637502,De Wester Quartier
24875,995,455,545,17,11,36,25,11,64,25,8,3,11,490,2.0,472,394,0.5,20,434,West,BU03637503,Van Brakelkwartier
9404,6395,3310,3090,20,13,32,24,11,60,29,8,2,13,3070,2.1,2752,270,0.5,110,2669,Nieuw-West,BU03637600,Buurt 3
10071,2820,1455,1365,18,14,35,25,9,58,30,10,2,12,1355,2.1,1393,253,0.5,35,1267,Nieuw-West,BU03637601,Buurt 2
8305,3405,1830,1570,16,10,38,22,14,60,25,12,3,13,1955,1.7,1869,221,0.5,65,1869,Nieuw-West,BU03637700,Slotermeer Zuid
9686,3390,1665,1725,17,14,35,23,11,64,25,8,2,14,1775,1.9,1583,327,0.5,90,1408,Nieuw-West,BU03637701,Noordoever Sloterplas
10171,3460,1750,1705,16,14,33,23,14,58,31,8,3,10,1685,2.1,1495,282,0.5,70,1300,Nieuw-West,BU03637702,Buurt 4 Oost
16232,3575,1800,1775,21,15,31,23,10,57,31,10,2,13,1470,2.4,1410,230,0.6,50,1381,Nieuw-West,BU03637703,Buurt 5 Noord
135,85,35,45,14,24,56,6,0,64,33,2,0,48,45,1.9,35,421,0.0,5,0,Nieuw-West,BU03637704,Sloterpark
12539,3885,1960,1925,21,14,32,22,11,58,31,8,3,15,1710,2.3,1646,258,0.6,65,1448,Nieuw-West,BU03637705,Buurt 5 Zuid
11662,3030,1490,1545,21,14,31,23,10,58,29,10,3,15,1335,2.3,1287,255,0.5,40,1209,Nieuw-West,BU03637800,Buurt 6
10046,2815,1445,1365,24,14,30,19,13,53,38,7,3,14,1070,2.6,964,365,0.9,60,597,Nieuw-West,BU03637801,Buurt 7
16832,4210,2100,2105,21,13,36,20,9,59,30,8,3,15,1800,2.3,1625,302,0.6,60,763,Nieuw-West,BU03637802,Buurt 8
14975,5990,3045,2940,22,13,31,22,11,55,33,8,3,15,2510,2.4,2246,316,0.7,85,1190,Nieuw-West,BU03637803,Buurt 9
2525,305,175,125,13,9,43,30,5,66,26,7,1,7,170,1.7,154,238,0.7,10,154,Nieuw-West,BU03637804,Eendrachtspark
15,25,15,10,0,0,0,0,0,0,0,0,0,0,15,2.0,11,0,0.0,0,0,Nieuw-West,BU03637900,Osdorper Binnenpolder
7790,2415,1185,1230,18,11,27,27,17,46,44,6,4,12,1010,2.4,922,386,1.0,65,922,Nieuw-West,BU03637901,Buurt 10
506,355,220,135,18,17,48,15,3,73,23,4,0,25,10,1.1,2,0,0.0,0,0,Nieuw-West,BU03638000,Ookmeer
312,770,400,360,13,11,22,32,22,50,38,7,4,8,355,2.2,283,595,1.2,55,215,Nieuw-West,BU03638001,Osdorper Bovenpolder
31,70,40,30,12,22,13,36,16,57,27,7,9,0,35,1.9,24,890,0.0,10,12,Nieuw-West,BU03638002,Bedrijvenpark Lutkemeer
15450,4945,2415,2530,19,11,28,23,19,53,29,12,6,11,2525,2.0,2452,223,0.5,65,2353,Nieuw-West,BU03638100,Wildeman
14976,3145,1615,1530,15,10,33,24,19,53,32,10,5,11,1640,1.9,1541,350,0.6,90,693,Nieuw-West,BU03638101,Meer en Oever
12710,3815,1845,1970,17,17,38,17,11,63,26,8,3,14,1885,2.0,1790,278,0.5,55,930,Nieuw-West,BU03638102,Osdorpplein e.o.
4750,1235,645,590,14,8,28,30,19,55,31,11,4,17,675,1.8,661,277,0.6,45,561,Nieuw-West,BU03638103,Calandlaan/Lelylaan
8190,4010,1915,2100,12,16,29,20,22,57,29,8,6,9,2360,1.7,1912,296,0.5,105,1873,Nieuw-West,BU03638104,Osdorp Zuidoost
12300,2585,1185,1405,18,15,25,22,20,51,30,10,9,12,1095,2.2,1287,225,0.6,25,746,Nieuw-West,BU03638200,Osdorp Midden Noord
14333,3440,1690,1750,24,11,34,20,11,57,31,9,3,15,1535,2.2,1412,270,0.6,50,847,Nieuw-West,BU03638201,Osdorp Midden Zuid
13761,3165,1595,1575,19,14,33,20,14,57,30,9,4,13,1445,2.2,1295,306,0.6,45,388,Nieuw-West,BU03638202,Zuidwestkwadrant Osdorp Noord
17694,6190,3120,3075,18,15,35,24,8,58,32,8,2,13,2895,2.1,2501,338,0.7,125,575,Nieuw-West,BU03638203,Zuidwestkwadrant Osdorp Zuid
12633,6065,3120,2940,18,15,33,21,13,58,30,8,3,12,2780,2.1,2593,255,0.7,115,2281,Nieuw-West,BU03638300,De Punt
883,110,95,10,0,0,29,59,11,76,3,20,1,0,5,1.2,44,0,0.0,5,3,Nieuw-West,BU03638301,Bedrijvencentrum Osdorp
11459,3895,1860,2035,21,10,28,24,17,50,37,8,4,14,1695,2.3,1572,364,0.9,130,1556,Nieuw-West,BU03638400,Middelveldsche Akerpolder
8669,4505,2255,2250,15,14,24,33,13,50,39,7,4,12,1910,2.4,1750,420,0.9,145,1627,Nieuw-West,BU03638401,De Aker West
9054,5885,2915,2970,16,17,22,34,11,52,40,6,2,8,2320,2.5,2071,476,1.0,195,1284,Nieuw-West,BU03638402,De Aker Oost
6844,2465,1185,1275,13,13,20,32,23,48,38,8,6,8,1180,2.1,1069,451,0.7,70,1058,Nieuw-West,BU03638500,Oostoever Sloterplas
5157,2265,1140,1135,20,11,28,23,18,56,29,9,6,11,1020,2.1,923,364,0.6,55,923,Nieuw-West,BU03638501,Emanuel van Meterenbuurt
10823,3355,1705,1650,21,15,35,20,8,63,26,9,2,16,1560,2.1,1440,280,0.5,55,1368,Nieuw-West,BU03638502,Jacob Geelbuurt
18274,6210,3055,3155,20,15,37,20,8,61,30,6,2,18,2570,2.4,2377,349,0.6,110,1069,Nieuw-West,BU03638600,Overtoomse Veld Noord
14693,4410,2085,2325,15,13,50,15,7,70,23,5,2,15,2370,1.9,2217,308,0.4,100,820,Nieuw-West,BU03638601,Overtoomse Veld Zuid
3486,980,485,495,7,35,42,9,8,84,10,5,1,12,735,1.3,363,379,0.3,30,363,Nieuw-West,BU03638602,Rembrandtpark Noord
3119,840,435,405,9,10,57,14,10,70,25,3,2,20,520,1.6,452,407,0.4,40,452,Nieuw-West,BU03638603,Rembrandtpark Zuid
7956,715,355,360,19,19,23,26,13,58,27,9,6,10,255,2.6,367,251,0.5,5,367,Nieuw-West,BU03638604,Johan Jongkindbuurt
6561,1180,585,600,2,50,48,1,0,96,3,1,0,12,1040,1.1,282,290,0.1,15,0,Nieuw-West,BU03638605,Lucas/Andreasziekenhuis e.o.
11328,2835,1530,1305,8,9,63,13,7,71,24,4,1,14,1760,1.6,1586,387,0.4,65,999,Nieuw-West,BU03638700,Koningin Wilhelminaplein
8936,1250,615,630,20,9,37,23,11,59,32,7,2,10,555,2.2,519,680,0.7,20,15,Nieuw-West,BU03638701,Andreasterrein
9153,1555,820,730,15,14,38,24,9,69,19,11,1,8,800,1.7,842,298,0.4,20,639,Nieuw-West,BU03638702,Delflandpleinbuurt Oost
12353,3955,2005,1945,12,18,47,15,8,73,18,7,1,13,2465,1.6,2292,269,0.4,75,1191,Nieuw-West,BU03638703,Delflandpleinbuurt West
1362,575,385,190,4,34,62,0,0,94,3,3,0,17,510,1.1,532,27,0.2,5,0,Nieuw-West,BU03638704,Riekerhaven
11218,1235,590,650,2,32,63,2,0,93,6,1,0,4,1045,1.2,1128,0,0.1,20,11,Nieuw-West,BU03638705,Schipluidenbuurt
221,135,65,70,6,11,76,7,1,86,9,5,0,52,90,1.5,4,0,0.0,5,0,Nieuw-West,BU03638800,Riekerpolder
9127,1005,495,510,14,9,23,35,20,49,43,6,2,10,450,2.2,437,500,1.0,30,402,Nieuw-West,BU03638801,Park Haagseweg
131,170,100,70,11,13,22,48,6,76,17,6,1,18,105,1.6,5,0,0.6,20,0,Nieuw-West,BU03638802,Nieuwe Meer
378,300,140,155,21,8,24,27,20,48,44,5,4,7,120,2.4,104,887,1.4,40,81,Nieuw-West,BU03638803,Sloterweg e.o.
8883,3110,1510,1595,16,12,25,31,16,50,39,9,3,11,1290,2.4,1219,407,0.9,90,1219,Nieuw-West,BU03638804,Nieuw Sloten Noordwest
7232,3180,1580,1605,15,10,26,29,20,47,40,7,5,10,1455,2.2,1358,413,0.8,75,1358,Nieuw-West,BU03638805,Nieuw Sloten Noordoost
13988,1120,530,585,7,9,29,25,29,46,35,11,7,14,665,1.7,636,344,0.6,30,636,Nieuw-West,BU03638806,BelgiÃ«plein e.o.
10327,2270,1120,1150,15,15,21,40,11,50,43,6,1,6,895,2.5,837,451,1.1,80,837,Nieuw-West,BU03638807,Nieuw Sloten Zuidwest
9396,2160,1085,1075,18,12,31,28,11,59,31,7,2,14,920,2.3,869,424,0.8,75,790,Nieuw-West,BU03638808,Nieuw Sloten Zuidoost
1287,695,345,355,12,12,18,38,20,47,39,8,5,10,325,2.1,273,437,1.1,55,242,Nieuw-West,BU03638809,Dorp Sloten
8967,3230,1550,1675,15,17,28,21,19,59,27,10,4,12,1725,1.9,1506,318,0.5,65,1295,Nieuw-West,BU03638900,Louis Chrispijnbuurt
12369,3585,1735,1850,16,17,39,17,12,63,26,7,3,12,2000,1.8,1903,285,0.4,70,1275,Nieuw-West,BU03638901,Jacques Veltmanbuurt
10055,3115,1500,1620,22,13,33,20,12,58,29,9,4,15,1275,2.4,1363,383,0.6,70,586,Nieuw-West,BU03638902,Staalmanbuurt
2755,800,420,380,6,45,35,7,7,85,6,7,2,11,645,1.2,287,297,0.1,10,177,Nieuw-West,BU03638903,Medisch Centrum Slotervaart
9946,4575,2120,2460,11,11,36,19,24,56,28,8,7,13,2750,1.7,2651,409,0.5,70,2465,Zuid,BU03639000,Gelderlandpleinbuurt
7676,3840,1815,2020,15,12,40,21,13,62,28,7,3,9,2105,1.8,2056,410,0.5,80,2035,Zuid,BU03639002,Buitenveldert Midden Zuid
5826,4075,1935,2145,14,8,27,22,28,49,31,11,8,10,2285,1.8,2325,474,0.6,75,2185,Zuid,BU03639003,Buitenveldert Zuidwest
89,70,35,30,6,15,21,35,24,59,26,12,3,0,35,1.9,23,0,0.0,10,19,Zuid,BU03639004,Amsterdamse Bos
4100,985,475,510,12,11,18,26,32,43,39,8,9,6,525,1.9,505,807,0.9,25,313,Zuid,BU03639008,Buitenveldert West Midden
111,20,15,10,0,0,0,0,0,0,0,0,0,0,15,1.3,3,0,0.0,5,0,Zuid,BU03639009,Zuiderhof
5831,755,360,400,11,3,33,17,36,47,34,11,8,11,390,1.7,406,499,0.7,15,357,Zuid,BU03639100,De Klenckebuurt
11241,3260,1530,1730,12,8,32,20,28,53,29,11,7,11,1930,1.7,1939,379,0.5,55,1939,Zuid,BU03639101,Buitenveldert Oost Midden
6452,3935,1880,2060,12,12,33,20,23,57,28,8,7,8,2210,1.7,2202,443,0.6,65,2113,Zuid,BU03639102,Buitenveldert Zuidoost
22,10,5,5,0,0,0,0,0,0,0,0,0,0,10,1.8,6,0,0.0,0,0,Zuid,BU03639103,Amstelpark
38,15,5,5,0,0,0,0,0,0,0,0,0,0,15,1.0,0,0,0.0,0,0,Zuidoost,BU03639200,Hoofdcentrum Zuidoost
79,65,45,15,3,6,77,11,2,81,15,3,2,0,55,1.1,0,0,0.0,5,0,Zuidoost,BU03639201,Amstel III deel A/B Noord
25,25,20,5,0,0,0,0,0,0,0,0,0,0,20,1.1,0,0,0.0,30,0,Zuidoost,BU03639202,Amstel III deel C/D Noord
3854,1350,560,785,0,73,26,1,0,98,2,0,0,6,1260,1.1,385,104,0.1,15,34,Zuidoost,BU03639203,Amstel III deel A/B Zuid
0,5,5,5,0,0,0,0,0,0,0,0,0,0,5,1.3,2,0,0.0,5,0,Zuidoost,BU03639204,Amstel III deel C/D Zuid
36,30,25,5,0,0,0,0,0,0,0,0,0,0,25,1.0,1,0,0.0,0,0,Zuidoost,BU03639205,AMC
99,140,100,40,10,40,35,9,6,88,9,2,1,0,80,1.2,8,0,0.4,5,0,Zuidoost,BU03639206,Hoge Dijk
10134,5065,2690,2380,14,11,34,28,13,68,14,16,2,8,2980,1.7,2817,209,0.4,60,2535,Zuidoost,BU03639300,Venserpolder West
10722,3430,1795,1630,14,13,37,28,9,68,16,13,2,9,1985,1.7,1719,233,0.4,50,1667,Zuidoost,BU03639301,Venserpolder Oost
7074,1910,950,955,6,58,27,6,2,93,3,3,0,6,1625,1.2,1681,51,0.1,10,403,Zuidoost,BU03639302,D-buurt
19982,4395,2200,2200,17,18,37,23,5,72,19,8,1,10,2220,2.0,1917,255,0.5,75,440,Zuidoost,BU03639303,F-buurt
3249,1395,715,680,11,19,29,28,13,73,9,16,2,6,835,1.5,680,205,0.6,5,442,Zuidoost,BU03639304,Amsterdamse Poort
9450,1890,955,935,14,30,35,17,4,79,11,9,1,11,1205,1.6,1220,0,0.2,15,1220,Zuidoost,BU03639305,Hoptille
15270,3055,1495,1560,18,17,27,28,10,69,15,15,1,8,1570,1.9,1276,228,0.4,25,1276,Zuidoost,BU03639306,Rechte H-buurt
9319,2515,1245,1275,19,16,32,26,6,73,14,12,1,10,1280,2.0,1131,222,0.4,35,1131,Zuidoost,BU03639307,Hakfort/Huigenbos
1873,210,105,105,14,15,18,27,27,50,41,6,3,5,95,2.2,82,435,0.8,5,82,Zuidoost,BU03639308,Huntum
9929,695,350,345,15,13,27,29,16,58,28,11,3,6,300,2.3,247,348,0.7,20,247,Zuidoost,BU03639309,Vogeltjeswei
0,0,0,0,0,0,0,0,0,0,0,0,0,0,0,0.0,0,0,0.0,0,0,Zuidoost,BU03639310,Nelson Mandelapark
7158,2220,1075,1145,25,23,29,21,2,72,22,6,0,17,865,2.5,657,393,0.7,30,85,Zuidoost,BU03639400,E-buurt
9138,3655,1870,1790,13,13,33,29,12,64,22,12,2,9,1890,1.9,1479,321,0.6,45,1050,Zuidoost,BU03639401,G-buurt West
16350,2290,1095,1195,16,14,21,29,20,64,15,18,3,9,1265,1.8,1090,229,0.3,15,686,Zuidoost,BU03639402,Bijlmermuseum Noord
13676,2875,1395,1480,16,11,29,26,18,65,14,18,4,15,1740,1.7,1461,205,0.4,35,1373,Zuidoost,BU03639403,Kortvoort
5075,1015,490,520,18,16,21,30,16,62,24,11,3,10,460,2.2,381,265,0.6,15,381,Zuidoost,BU03639404,Kelbergen
14813,2370,1200,1170,18,17,34,25,7,73,13,13,1,10,1310,1.8,1160,183,0.4,20,603,Zuidoost,BU03639405,K-buurt Midden
7633,1375,695,675,25,14,39,19,3,67,25,7,1,19,565,2.4,452,387,0.8,20,0,Zuidoost,BU03639406,K-buurt Zuidoost
9533,1430,690,735,18,19,26,28,7,65,23,9,3,9,610,2.3,503,324,0.7,35,0,Zuidoost,BU03639407,K-buurt Zuidwest
14433,1735,825,905,19,15,31,27,7,65,23,10,1,13,775,2.2,635,329,0.7,25,0,Zuidoost,BU03639408,Grunder/Koningshoef
3615,3145,1695,1455,8,12,24,24,31,53,29,13,5,4,1920,1.6,1724,281,0.6,80,1706,Zuidoost,BU03639409,G-buurt Oost
4571,2240,1190,1050,14,11,23,30,22,55,24,17,4,14,1255,1.8,1056,259,0.6,45,971,Zuidoost,BU03639410,Kantershof
4650,650,315,335,28,11,46,14,1,71,23,5,1,25,255,2.5,235,404,0.8,15,0,Zuidoost,BU03639411,Gooise Kant
22188,1775,955,815,18,13,28,35,7,73,10,17,1,14,1030,1.7,952,171,0.3,25,952,Zuidoost,BU03639412,G-buurt Noord
12817,3075,1550,1525,18,16,33,25,8,71,13,15,1,13,1655,1.9,1360,240,0.3,25,1360,Zuidoost,BU03639413,Bijlmermuseum Zuid
4362,3010,1580,1435,13,8,32,25,21,60,23,12,4,11,1815,1.7,1648,243,0.6,65,1648,Zuidoost,BU03639500,L-buurt
29,20,10,10,0,0,0,0,0,0,0,0,0,0,10,2.1,6,0,0.0,0,0,Zuidoost,BU03639501,Gaasperpark
45,35,15,20,0,0,0,0,0,0,0,0,0,29,15,2.1,21,506,0.0,5,21,Zuidoost,BU03639502,Gaasperplas
8143,2850,1295,1550,21,15,21,24,18,67,12,17,4,9,1440,2.0,1383,218,0.4,25,1383,Zuidoost,BU03639600,Holendrecht West
11476,4245,1940,2300,20,15,25,27,12,67,16,15,2,14,2030,2.1,1846,240,0.5,55,1846,Zuidoost,BU03639601,Reigersbos Noord
3978,2505,1225,1280,15,9,24,24,28,49,38,9,5,9,1170,2.1,1068,323,0.9,65,1068,Zuidoost,BU03639602,Holendrecht Oost
8313,1995,1035,960,14,12,33,30,11,69,18,12,2,12,1020,1.8,953,252,0.5,45,933,Zuidoost,BU03639603,Gaasperdam Noord
8550,1540,755,780,12,12,30,28,18,65,17,14,4,11,920,1.6,851,214,0.4,10,851,Zuidoost,BU03639604,Gaasperdam Zuid
9772,2445,1175,1265,14,13,28,27,18,61,23,13,3,10,1315,1.9,1144,245,0.6,25,1144,Zuidoost,BU03639605,Reigersbos Midden
4378,2540,1260,1280,16,10,27,27,20,55,32,9,4,8,1195,2.1,1089,298,0.7,40,1089,Zuidoost,BU03639606,Reigersbos Zuid
9552,2960,1490,1475,16,14,29,27,14,69,14,15,2,11,1650,1.7,1576,212,0.4,40,1576,Zuidoost,BU03639700,Gein Noordwest
9818,1670,800,865,18,14,31,29,8,69,16,14,1,12,855,1.9,747,217,0.5,20,747,Zuidoost,BU03639701,Gein Zuidwest
5077,3250,1650,1600,14,11,22,33,20,46,44,7,3,8,1405,2.3,1261,331,1.0,95,1261,Zuidoost,BU03639702,Gein Noordoost
4660,3355,1635,1715,15,10,27,29,19,55,30,12,3,11,1640,2.0,1557,268,0.7,65,1557,Zuidoost,BU03639703,Gein Zuidoost
5117,1485,705,785,18,11,22,30,18,49,39,7,4,13,645,2.3,639,348,1.1,75,600,Zuidoost,BU03639800,Dorp Driemond
98,145,80,65,31,13,22,27,8,57,38,5,1,0,45,3.5,39,787,0.0,5,12,Zuidoost,BU03639801,Landelijk gebied Driemond
